"Cue","n unique","n unique affordance","total affordance"
"saucer",2,2,5
"grain",1,1,4
"paperwork",3,3,4
"spaghetti",2,0,0
"shortening",2,2,5
"masturbate",7,6,11
"tripe",15,11,20
"coverall",19,15,36
"Massage",5,5,6
"earwax",18,17,30
"cashmere",20,14,46
"waistcoat",18,15,45
"bridesmaid",21,16,39
"excrement",17,13,27
"publication",21,18,44
"bifocal",21,17,61
"gourd",18,17,45
"teakwood",20,16,36
"navel",20,11,22
"cryptographer",19,14,27
"gumbo",21,21,38
"sapling",22,17,28
"tapioca",18,15,28
"douche",28,22,39
"spreader",29,24,60
"femur",29,24,65
"lance",26,17,42
"wingman",29,22,45
"saloonkeeper",18,13,33
"erection",18,17,33
"marigold",19,17,65
"lesion",17,16,28
"toga",19,17,60
"pew",15,15,28
"globe",19,17,52
"firebox",17,14,35
"gramophone",16,13,21
"musket",19,14,37
"morphine",18,11,24
"drunkard",19,12,28
"hashish",17,13,28
"panhandler",24,16,38
"whore",17,14,41
"solicitor",16,14,30
"tit",17,11,37
"bloke",23,18,42
"tyke",14,10,23
"negligee",21,16,31
"wildcat",29,19,56
"wheelhouse",22,18,35
"viewfinder",38,30,65
"toboggan",32,30,72
"tiller",25,16,46
"teardrop",32,28,62
"skillet",32,31,84
"shavings",29,17,31
"sarong",25,19,49
"raisin",32,29,114
"quadriceps",31,26,81
"pumice",25,21,37
"pimple",33,30,73
"peashooter",28,24,46
"palm",29,24,100
"manhole",33,25,64
"houseboy",25,21,41
"gyroscope",31,26,54
"genitals",34,32,81
"gatehouse",31,28,66
"forehead",29,18,50
"flesh",33,29,84
"fingerprint",33,29,79
"ductwork",23,19,34
"dandruff",34,22,42
"crypt",31,22,59
"corset",30,23,52
"chambermaid",30,23,70
"calipers",26,22,39
"cadet",29,20,39
"buttock",26,23,71
"bridegroom",33,27,72
"bratwurst",26,22,98
"bouquet",36,28,96
"bedspread",39,37,143
"balm",30,19,39
"backgammon",28,25,54
"ashes",35,29,76
"arachnid",30,23,85
"alfalfa",26,19,47
"yoga",39,37,81
"yearbook",36,33,100
"yacht",32,32,111
"wounds",31,28,66
"worm",34,33,98
"workbook",36,32,109
"wool",31,26,77
"woodshed",33,29,65
"woodblock",32,30,89
"woman",36,28,101
"wing",31,29,83
"whiskers",29,24,46
"web",32,26,71
"watermelon",37,36,134
"watchmaker",37,30,70
"watchdog",30,28,86
"watch",38,33,81
"washstand",31,28,64
"washer",37,33,78
"washcloth",33,32,90
"washbowl",35,33,95
"warden",33,24,49
"wallpaper",36,32,90
"walker",36,35,130
"waiter",37,36,100
"wafer",38,31,106
"vodka",38,38,121
"vitamins",35,25,77
"vitamin",37,32,98
"vinyl",31,25,65
"vinegar",31,28,88
"vinaigrette",31,27,59
"vermouth",27,21,53
"vermicelli",22,20,47
"vendor",38,32,80
"vegetable",32,31,142
"vase",39,31,98
"vaginal",32,26,48
"underwear",30,28,80
"undershirt",32,31,94
"twine",35,35,100
"twig",37,34,120
"tuxedo",35,32,99
"tummy",39,34,107
"tugboat",33,31,73
"tub",37,36,125
"trumpet",32,28,95
"trucks",34,34,127
"trousers",32,29,81
"trombone",38,34,105
"tricycle",36,32,73
"tree",38,33,135
"treasure",39,33,125
"traveller",33,30,72
"traveler",33,32,104
"train",35,34,96
"townsfolk",35,25,61
"tower",36,30,95
"tote",38,34,96
"tortoise",36,29,97
"tortilla",35,29,112
"tooth",37,35,129
"tongue",38,38,150
"tombstone",33,29,77
"tomb",39,33,81
"Toilet",35,32,88
"toffee",40,37,107
"tobacco",37,34,81
"tinplate",32,31,64
"tin",32,22,58
"tightrope",36,32,108
"tie",32,23,71
"thumbscrew",27,23,60
"thumb",32,31,102
"throat",36,35,126
"theologian",26,18,31
"terrycloth",32,20,44
"terrier",33,27,111
"termite",35,28,62
"tepee",36,29,81
"telescope",32,31,75
"teenager",32,25,76
"taxi",36,34,88
"tattoo",35,27,70
"tape",34,28,68
"tank",36,32,115
"talisman",30,19,40
"syrup",34,28,90
"sword",35,33,121
"switchboard",27,22,37
"sweetener",33,27,67
"swamp",34,22,50
"swab",28,23,52
"suspenders",37,30,67
"sushi",39,36,128
"summerhouse",33,28,74
"suitcase",38,38,128
"subway",35,33,91
"stretcher",34,30,72
"streetwalker",29,26,56
"streetcar",33,32,109
"stream",36,27,93
"straw",31,29,81
"straitjacket",37,35,96
"stopwatch",38,34,108
"stomp",24,20,48
"stethoscope",35,29,61
"stereo",40,34,113
"stepchild",32,27,87
"steamboat",32,32,85
"statue",33,29,103
"stamp",33,27,75
"stallion",37,36,124
"stairwell",35,30,96
"staff",31,30,82
"sprinter",34,32,60
"sprinkler",31,25,82
"spoon",32,29,119
"spear",39,37,108
"southerner",31,22,57
"sourdough",34,28,96
"songbook",34,34,102
"sombrero",30,24,53
"soles",34,28,65
"snowball",30,27,93
"sneaker",35,34,115
"snail",37,32,83
"slipcover",30,24,65
"sling",39,31,77
"slime",31,29,83
"sled",39,36,92
"skin",37,32,97
"skateboarder",35,30,70
"sink",39,36,106
"singer",34,30,83
"signpost",37,35,93
"sign",33,31,84
"sidewalk",34,33,118
"shuttle",34,34,79
"shrubbery",32,25,76
"shrub",33,29,78
"shower",37,36,116
"shorts",31,26,91
"shortcake",37,30,77
"shortbread",36,34,106
"shore",35,30,88
"shoestring",30,29,80
"shoelace",33,32,89
"shirttail",32,29,62
"shipmate",29,23,56
"shelf",36,33,107
"shallot",25,20,55
"senorita",31,17,39
"seed",34,32,82
"sedative",34,31,79
"secretary",37,32,100
"seaplane",24,23,59
"scythe",26,25,60
"sculpture",31,28,85
"screwdriver",31,31,97
"scratches",34,29,85
"scorpion",32,27,74
"scorecard",39,33,113
"scoop",35,33,86
"scissor",34,34,85
"schoolgirl",29,28,71
"schoolboy",29,22,58
"scar",37,29,56
"sauna",37,36,88
"saltshaker",33,31,89
"salt",39,38,119
"saleswoman",35,31,78
"salesgirl",31,27,73
"salad",40,37,131
"sailcloth",25,22,66
"sage",35,32,83
"saffron",27,25,72
"saddle",34,26,66
"rucksack",20,15,54
"rotisserie",32,28,63
"rosary",38,31,100
"roommate",38,33,126
"roadway",31,29,96
"rhinestone",33,24,67
"revolver",29,28,95
"residence",37,35,101
"repairer",33,29,51
"remote",36,30,84
"reindeer",32,22,60
"reefer",25,20,58
"recruiter",31,23,54
"receipts",34,30,90
"receipt",37,31,101
"razor",33,31,94
"ramp",37,35,108
"rain",34,30,103
"rag",40,38,137
"radiologist",34,29,58
"racehorse",35,33,103
"quarter",35,29,101
"pushcart",32,30,81
"puppy",33,30,156
"puppet",32,31,91
"pump",36,24,58
"pullover",32,20,54
"puke",31,26,51
"pudding",33,30,84
"pub",32,27,84
"prosthesis",28,21,59
"prop",31,26,60
"proofreader",33,30,70
"primrose",33,22,48
"powerboat",33,32,78
"poultry",28,19,82
"potato",32,29,111
"pot",38,37,123
"portfolio",38,29,69
"porridge",37,33,93
"porch",36,35,120
"popcorn",37,33,130
"poncho",39,33,101
"pompom",34,30,81
"pocketknife",34,33,100
"pliers",36,36,89
"playground",34,34,109
"player",33,21,53
"plane",35,35,128
"pistachio",39,35,129
"pinwheel",35,28,77
"pineapple",32,28,84
"pincushion",30,28,64
"pillowcase",33,31,101
"pillar",36,33,67
"piercing",36,30,71
"pie",39,38,134
"piccolo",34,30,77
"phonograph",30,26,73
"pet",39,34,125
"peppercorn",34,26,57
"pepper",36,36,118
"penny",37,33,87
"pencil",37,36,130
"pegboard",30,22,44
"peelings",34,24,47
"peanuts",31,31,128
"peacock",31,24,68
"pea",31,29,105
"patrolman",35,31,69
"path",34,28,76
"partner",38,31,109
"paratrooper",26,23,60
"paper",36,34,188
"pajama",33,31,85
"outlet",31,29,57
"outfit",32,26,101
"ornament",34,30,96
"oregano",35,30,75
"orange",34,26,98
"opium",31,27,67
"oilcan",34,33,89
"offspring",35,27,78
"oat",37,27,77
"nutcracker",35,33,82
"nurse",37,31,90
"nightcaps",31,30,77
"newt",32,25,56
"newspaperman",36,31,73
"newspaper",39,39,177
"newsman",35,33,71
"newsletter",36,31,89
"needle",32,30,73
"nectar",36,29,94
"neckwear",34,27,68
"necktie",33,23,60
"neckband",31,21,37
"neck",36,32,85
"narcotics",37,29,93
"nanny",31,25,67
"muzzle",33,28,56
"mutt",34,26,94
"mustard",38,32,103
"muscle",39,37,135
"motorist",36,31,59
"motorcycle",32,30,99
"mothball",30,23,53
"mosquito",31,30,83
"morsel",27,16,31
"monk",39,33,77
"moneybags",39,35,95
"mixer",37,33,91
"mistress",33,27,66
"mink",33,20,50
"minister",37,30,84
"metal",30,21,58
"merchant",31,26,56
"mentor",34,32,95
"memo",35,27,70
"melon",31,30,105
"matchstick",35,32,106
"masseuse",32,32,87
"marshmallow",37,36,127
"marmalade",33,26,67
"marionette",26,24,55
"marijuana",38,33,84
"marble",32,27,79
"maple",34,22,62
"mansions",34,26,93
"mannequin",34,29,61
"manicure",35,28,69
"mango",32,27,96
"mandolin",29,28,81
"mammal",33,25,89
"male",32,28,90
"makeup",37,36,118
"maize",33,26,56
"mailbag",37,31,90
"mail",31,28,103
"maidservant",30,27,73
"maid",37,35,85
"magician",33,29,71
"machinery",33,28,75
"machetes",35,32,92
"macaroon",37,33,124
"lyre",29,26,58
"luggage",32,31,95
"lotion",38,35,103
"loo",27,22,63
"longbow",33,28,60
"loincloth",31,22,50
"loin",31,25,59
"logbook",37,31,84
"lodging",31,29,63
"locksmith",33,32,68
"locket",39,32,78
"lobe",27,18,41
"lobbyist",34,24,64
"llama",35,33,115
"liquid",30,29,146
"lipstick",33,28,78
"lint",37,29,54
"lingerie",36,33,87
"lid",40,37,117
"letter",32,29,114
"lei",32,25,63
"leftovers",33,33,117
"ledge",35,30,79
"Leaf",32,28,90
"laxative",33,32,67
"lawyer",33,30,76
"latrine",22,16,47
"latex",33,18,36
"latch",33,31,77
"lapdog",32,27,87
"land",35,29,103
"lamplight",38,35,104
"lambskin",32,24,44
"lady",28,22,75
"Ladder",33,32,86
"labrador",37,33,139
"label",37,29,59
"kneecap",36,35,145
"kiwi",32,29,120
"kit",37,27,57
"keepsake",34,26,78
"kaleidoscope",35,30,78
"joystick",33,23,45
"jeweler",40,34,86
"jet",40,40,106
"jaw",38,36,138
"interviewer",33,27,89
"intern",31,26,84
"intercom",35,33,88
"inspector",31,28,71
"ink",37,35,116
"incubator",34,28,69
"icing",33,28,74
"hypnotist",29,23,59
"hut",37,32,85
"hurdle",32,28,76
"hubcap",28,23,67
"housekeeper",35,33,95
"houseboat",35,33,110
"house",36,33,123
"hose",32,30,76
"horseshoe",36,35,85
"horsefly",32,28,73
"horn",33,29,82
"hook",29,25,70
"honey",35,28,95
"holster",33,25,46
"hog",32,28,79
"heel",34,27,82
"hearse",29,22,74
"headrest",36,35,80
"headdress",35,32,70
"haystack",32,28,90
"hatchet",32,28,87
"harpsichord",29,26,77
"harpist",33,29,65
"harmonica",32,30,95
"hangnail",30,24,58
"handshake",34,30,58
"handle",39,36,144
"handkerchief",36,34,100
"handclasp",37,31,66
"handbag",36,34,119
"hamster",39,32,111
"hammock",38,37,139
"hairstyle",32,27,78
"hairpiece",33,27,67
"hairnet",33,31,58
"hairbrush",38,36,105
"gunnysack",23,22,53
"gum",32,30,116
"guest",29,23,79
"griddle",34,33,92
"greenery",38,30,73
"gravy",37,30,109
"graveyard",36,26,85
"gravel",32,27,67
"Grasshopper",33,27,84
"grass",33,30,115
"granny",36,28,70
"grandson",31,21,67
"grandparent",38,31,104
"golfer",35,27,65
"goldsmith",34,26,57
"gold",36,31,112
"goatskin",30,18,46
"goatee",32,23,66
"goat",36,27,98
"glue",39,37,92
"glassware",37,36,128
"glassblower",31,28,54
"gift",36,34,118
"germ",35,26,61
"geranium",26,19,46
"genitalia",31,26,67
"generator",31,27,58
"gear",38,31,83
"gazebo",28,27,79
"gavel",29,27,79
"gauze",34,28,70
"gate",36,35,118
"gardener",36,30,107
"garden",36,28,92
"game",38,34,97
"gambler",32,24,69
"fridge",36,35,96
"foxhound",34,30,84
"fountainhead",30,24,48
"fountain",36,32,98
"fossil",38,31,97
"forklift",40,39,134
"forceps",32,29,72
"footstool",37,35,92
"footpad",28,23,54
"footbath",33,30,62
"Food",35,35,139
"fondue",36,33,78
"folder",33,30,83
"foghorn",34,29,70
"flute",36,34,110
"fluid",38,38,136
"floorboard",35,33,95
"flask",33,28,72
"flashlight",38,36,98
"flashbulb",31,28,68
"flagpole",36,34,68
"fixture",30,24,52
"firstborn",35,25,99
"finger",34,32,138
"film",33,28,77
"fiddle",33,29,84
"fence",41,37,112
"fedora",37,34,76
"feast",32,27,86
"father",37,29,115
"farmhand",34,30,74
"fan",33,28,81
"fairground",31,25,83
"factory",33,32,68
"fabric",32,29,100
"eyelash",33,28,76
"eyedrop",34,25,52
"extinguisher",37,35,94
"evergreen",31,27,59
"epidermis",37,31,95
"environment",38,30,81
"envelope",37,35,115
"entomologist",26,22,59
"engine",33,28,76
"encyclopedia",38,33,98
"elephant",43,37,115
"electronics",34,33,120
"eggshell",35,31,61
"eggbeater",32,31,75
"eel",32,30,88
"edibles",35,32,97
"earpiece",39,34,71
"earphone",33,32,91
"dynamite",31,29,78
"duckweed",26,22,48
"drywall",34,28,68
"drugstore",31,25,54
"dressing",38,28,91
"drawing",31,28,71
"drawers",32,30,101
"drawer",32,30,88
"drainpipe",37,33,78
"drain",32,27,58
"doorknocker",31,28,74
"doorbell",35,30,65
"Donut",37,37,127
"dollar",34,31,98
"doghouse",32,27,58
"divorcee",33,24,57
"diner",35,33,113
"dime",34,30,87
"dildo",32,24,73
"dietician",32,25,81
"detergent",32,29,58
"dessert",34,31,114
"dentist",32,27,84
"denims",37,28,93
"deerskin",37,27,65
"daughter",39,33,88
"dartboard",31,27,73
"dart",37,35,106
"darkroom",32,27,74
"dancer",31,29,82
"dance",37,32,90
"damsel",31,24,37
"daisy",32,26,92
"daiquiri",34,32,92
"cymbal",31,28,81
"cuticle",31,30,66
"curler",31,23,45
"curb",33,29,87
"cuisine",35,28,84
"cubical",30,24,65
"crumpet",32,30,79
"crucifix",32,27,66
"crowbar",34,31,87
"crossword",32,21,60
"critter",36,27,90
"crisps",37,34,95
"creamer",37,25,51
"cream",38,30,87
"cradle",39,36,84
"cracker",36,33,100
"cowskin",30,26,57
"cow",38,35,108
"councilwoman",30,20,52
"costume",33,27,75
"corvette",38,33,96
"cornfield",42,38,101
"cornbread",35,34,109
"copier",31,29,81
"cookbook",30,29,121
"confetti",36,31,76
"condom",36,33,77
"compressor",32,29,60
"compost",32,30,58
"compass",38,31,89
"commode",31,25,69
"comic",35,28,89
"comforter",38,33,98
"comb",36,34,62
"cologne",37,36,109
"collie",30,23,85
"coke",36,33,96
"coin",32,25,82
"cockatoo",34,25,76
"cock",30,22,58
"clubhouse",34,29,78
"club",34,31,88
"cloverleaf",33,24,66
"clover",39,36,114
"clitoris",33,27,71
"cliff",32,27,71
"clarinet",34,31,90
"chrysanthemum",29,25,67
"chronometer",21,16,33
"chopsticks",32,31,91
"chinchilla",32,28,88
"childbirth",35,25,49
"chick",34,20,56
"chest",38,33,90
"cherry",35,30,101
"checkbook",33,31,85
"chart",34,30,76
"chaplain",32,24,62
"chairwoman",33,28,56
"chairman",32,26,56
"chair",39,39,162
"ceramic",34,24,68
"cent",31,23,52
"cellophane",33,27,59
"celery",33,27,74
"caviar",35,33,86
"cathedral",33,29,75
"catfish",37,34,139
"cassette",29,28,89
"caseworker",33,27,68
"carriage",31,29,90
"carpeting",36,33,92
"carnival",39,32,79
"canvas",31,29,106
"canteen",37,33,95
"cabin",36,35,86
"buttermilk",36,29,76
"butter",38,34,138
"buoy",33,30,71
"bunkmate",34,29,72
"bunkhouse",34,28,71
"bum",31,25,60
"bulb",39,36,97
"bug",35,30,88
"buffalo",35,30,94
"buckle",37,33,91
"brother",32,28,105
"broth",36,31,88
"broom",39,37,90
"broccoli",38,34,128
"broach",32,25,66
"brickwork",35,30,85
"breastbone",34,24,56
"brass",34,24,46
"braid",35,30,65
"boyfriend",37,34,129
"boulder",35,32,83
"bootlace",36,34,88
"bone",34,27,65
"bonbon",28,26,75
"bolt",31,30,78
"bobsleigh",28,26,59
"boathouse",33,29,87
"bloodhound",36,30,91
"bleacher",36,34,130
"blade",36,35,124
"birthmark",28,21,35
"birdseed",32,27,75
"binoculars",37,36,109
"bin",35,29,66
"billfold",31,24,47
"bible",36,33,104
"beverage",32,29,115
"bellflower",32,30,108
"beer",37,36,135
"beefcake",34,32,69
"bedroom",32,30,142
"beanstalk",35,32,109
"beagle",33,28,92
"bead",32,23,54
"bathroom",38,37,126
"bat",39,37,123
"baseball",34,32,144
"barricade",35,35,92
"barnacle",28,22,50
"barber",34,31,93
"bangle",33,25,59
"balloon",33,31,109
"ball",32,32,161
"baklava",29,26,81
"axle",33,20,43
"axe",37,37,94
"auto",34,22,68
"ass",32,25,66
"ash",32,26,48
"artifact",33,28,63
"arm",33,30,146
"apron",38,38,140
"apricot",36,32,103
"appraiser",32,22,51
"appliance",36,31,118
"antihistamine",34,24,50
"antenna",36,29,68
"anklet",38,30,90
"animal",38,34,135
"amphibian",32,27,73
"algae",29,24,57
"album",33,27,93
"advisor",34,33,81
"acorn",38,35,112
"acne",29,20,39
"absinthe",26,22,52
"abdomen",33,23,57
"vulva",23,20,29
"colander",24,24,55
"enamel",25,19,36
"kerchief",25,24,55
"derriere",21,19,55
"plaster",26,20,38
"rack",32,29,69
"delicatessen",24,19,46
"rink",33,33,88
"fastener",26,22,59
"footplate",30,23,36
"dogcatcher",34,30,64
"postmaster",27,25,64
"glycerine",26,20,34
"clipper",22,20,70
"preschooler",29,25,71
"daybed",25,24,66
"wildlife",26,23,87
"bosom",22,18,46
"smuggler",24,20,42
"breast",28,22,60
"cricket",25,22,55
"charcoal",26,24,73
"rock",26,24,82
"quarters",25,23,63
"gymnasium",27,22,59
"puck",30,21,63
"nightlight",27,23,58
"herb",28,26,89
"enemy",25,19,39
"floor",27,27,112
"blueberry",27,25,90
"bong",22,21,41
"parcel",23,18,58
"woodpecker",27,21,47
"leotard",21,19,63
"shin",26,25,63
"harp",25,23,61
"cactus",26,21,62
"lampshade",29,24,43
"artichoke",25,22,71
"placard",20,18,42
"sugar",27,22,74
"countrywoman",26,21,63
"fir",22,15,47
"hibiscus",23,21,69
"giblets",20,17,46
"laryngoscope",26,23,48
"watercress",27,22,69
"heroin",30,20,48
"bifocals",27,26,66
"podiatrist",25,17,43
"pantaloons",26,24,61
"actress",30,23,75
"suit",27,20,82
"goblet",23,20,61
"playsuit",29,23,66
"stableman",28,26,63
"bazooka",29,28,64
"mutton",21,17,47
"tonic",21,15,46
"brassiere",21,18,72
"hutch",22,18,64
"pellet",24,21,50
"joint",21,18,44
"orangutan",17,13,31
"petticoat",17,14,42
"handrail",21,18,42
"grease",21,16,41
"boa",23,15,40
"decor",20,14,42
"bloomers",22,15,54
"pin",21,19,47
"map",20,17,49
"spyglass",21,18,53
"florist",22,16,51
"lanyard",22,15,50
"merchandise",22,19,65
"wishbone",22,20,62
"stationary",17,15,49
"mint",19,15,48
"hosiery",17,15,49
"parsley",21,19,74
"cayenne",19,17,45
"tablespoon",21,20,67
"tomahawk",19,16,42
"seat",19,17,45
"bread",21,18,58
"briefcase",21,18,65
"ladle",21,16,46
"massager",6,5,13
"rind",28,22,59
"croquet",20,15,46
"upholstery",20,14,47
"orphan",21,12,42
"boy",19,13,47
"capacitor",16,12,19
"carpet",25,21,61
"cornstarch",28,24,53
"sheep",27,16,52
"boxer",25,21,56
"railroad",25,21,45
"painkiller",27,22,47
"spike",24,18,51
"perspiration",24,19,32
"turntable",25,18,45
"housemaid",26,26,58
"capes",25,19,52
"dude",25,14,41
"microphone",26,25,67
"salmon",26,23,70
"dryer",24,20,40
"kindling",21,16,43
"cod",22,17,49
"toupee",26,20,40
"dice",24,20,53
"sandcastle",26,23,51
"polyester",23,14,27
"baton",25,23,67
"grape",24,22,66
"pickaxe",25,22,55
"lock",25,20,59
"cutlet",25,18,52
"seam",26,21,38
"snowflake",26,18,50
"sandbag",27,22,52
"obstetrician",28,20,58
"breasts",29,24,80
"smock",24,14,46
"curtain",33,28,96
"pinecone",35,31,91
"perfume",34,33,95
"postage",32,30,67
"spit",31,25,68
"police",33,30,96
"plastics",31,25,99
"cart",33,32,91
"stake",32,28,77
"plow",32,27,75
"limestone",31,26,76
"overcoat",35,30,92
"lumber",33,29,115
"tights",32,27,88
"lilac",32,27,69
"crumb",31,23,78
"businesswoman",32,23,56
"sportswriter",31,25,66
"sash",32,22,56
"backbone",32,26,65
"stone",34,29,109
"stuff",31,19,100
"litter",32,25,84
"excavator",25,21,59
"tailcoat",26,20,49
"phalanges",24,18,99
"sandbox",21,17,41
"paperhanger",21,18,36
"broker",24,17,49
"turnip",26,25,99
"suede",22,19,54
"bondsman",27,20,45
"billiards",28,25,50
"stepdaughter",32,23,61
"ruby",32,22,72
"man",31,22,108
"mulberry",27,20,85
"newlyweds",25,14,34
"hinge",24,16,37
"ford",26,21,46
"opal",26,17,29
"broiler",28,25,47
"stilt",27,22,42
"pastrami",26,22,47
"bourbon",27,24,65
"tool",25,20,52
"cruiser",21,17,44
"adult",21,17,42
"chiropractor",24,24,46
"footman",17,16,30
"footbridge",18,16,41
"yachtsman",22,16,26
"shawl",24,22,60
"backboard",22,18,36
"petroleum",20,10,19
"punter",21,18,33
"sidecar",21,17,28
"shopper",24,20,51
"liverwurst",17,14,31
"catsup",12,10,18
"jurist",21,15,33
"petal",25,20,56
"bullfrog",24,20,66
"handgun",26,24,65
"munitions",19,12,35
"javelin",22,19,48
"pitcher",27,24,75
"politician",25,19,51
"duffel",27,21,54
"glider",24,22,44
"cross",27,16,39
"cone",25,21,55
"pony",24,21,73
"corkscrew",25,22,55
"machine",27,23,81
"gadget",27,20,68
"guillotine",20,18,51
"guidebook",25,24,87
"skullcap",23,20,41
"thimble",22,18,34
"rainfall",22,20,48
"barn",24,18,42
"periscope",21,21,32
"gravestone",23,21,47
"taxpayer",24,16,32
"forearm",24,22,45
"assassin",23,22,42
"tumbler",20,17,40
"toastmaster",21,17,30
"plaything",19,16,30
"fillet",21,17,37
"glitter",23,22,48
"riverboat",22,18,43
"crate",22,20,44
"soldier",23,21,43
"snowman",23,21,47
"chip",23,21,49
"searchlight",23,22,38
"football",22,21,62
"wax",22,19,39
"pug",23,20,55
"boutique",23,19,54
"alcohol",22,21,48
"wrench",23,21,44
"dove",21,17,34
"receptacle",16,13,32
"kiln",17,14,24
"stoneware",22,17,48
"textile",24,19,58
"bran",14,9,26
"stenographer",13,11,33
"conch",19,16,44
"ballot",22,20,49
"moss",25,21,58
"jaguar",19,14,28
"crossbow",19,19,49
"knuckle",19,17,47
"hitchhiker",18,16,32
"basket",20,18,47
"mastiff",16,13,41
"fingernail",20,19,60
"shelving",21,19,42
"beefsteak",19,17,52
"sausage",20,17,53
"herring",15,14,30
"emerald",20,9,22
"coat",19,17,49
"mommy",20,18,50
"seashore",19,15,58
"environmentalist",19,19,43
"clothespin",18,17,45
"uncle",21,14,33
"coconut",20,17,65
"tradesman",20,17,39
"woodcarver",22,17,41
"packet",20,14,34
"ore",20,16,37
"ballplayer",22,15,26
"hanger",27,23,57
"fag",15,12,18
"homemaker",24,20,60
"barkeep",25,24,53
"garb",22,16,44
"plaintiff",26,15,29
"banister",27,25,52
"picnicker",22,17,36
"bacon",23,22,77
"ham",23,18,73
"custard",20,17,54
"carrot",22,19,65
"rosemary",22,19,53
"therapist",23,20,64
"table",23,23,79
"maiden",24,19,42
"cuttlefish",21,17,43
"mucus",22,16,37
"penknife",19,15,55
"speakers",22,17,47
"you",20,18,76
"defendant",22,14,28
"kids",26,21,83
"bodyguard",21,19,49
"trashcan",23,20,60
"napkin",22,21,57
"graphite",21,16,30
"slipper",22,19,55
"planner",21,18,54
"bankbook",20,16,40
"ammunition",21,16,51
"straightedge",19,14,39
"sod",17,11,27
"hookah",15,14,29
"yolk",22,17,44
"bisque",18,16,43
"oar",20,18,52
"clerk",22,18,59
"peony",19,17,77
"flypaper",21,20,46
"persimmon",18,14,43
"stepparent",20,12,28
"mousetrap",25,24,54
"washboard",26,24,46
"pottery",28,27,68
"fudge",25,24,69
"quiche",22,21,55
"denim",26,20,60
"shinbone",24,22,48
"shotgun",26,24,78
"wig",26,22,55
"ingredients",26,24,67
"whisk",29,27,69
"model",25,19,42
"vehicle",26,25,79
"lavatory",24,21,49
"laundry",25,24,67
"rattle",26,20,53
"primate",17,13,43
"metalworker",25,20,42
"housefly",22,19,38
"anchor",25,22,69
"motorbike",26,25,63
"cookhouse",21,18,43
"moth",25,20,43
"lice",23,19,34
"veterinarian",25,20,49
"waxwork",21,19,43
"substance",26,20,59
"cheddar",25,21,67
"kindle",25,24,60
"doornail",23,21,40
"almanac",15,10,28
"cigar",23,21,44
"maggot",24,19,37
"retriever",24,24,50
"snorkel",24,23,51
"pork",25,23,71
"dispenser",24,18,36
"catnip",24,19,35
"cafe",25,21,67
"cheerleader",25,19,38
"kazoo",20,14,29
"garland",21,20,39
"sheet",25,24,57
"jeep",25,24,51
"aircraft",25,21,62
"oyster",25,21,57
"sax",22,18,43
"bassinet",25,20,37
"booze",21,19,49
"girl",23,18,44
"toothpaste",26,24,57
"nutcrackers",23,22,43
"kernel",26,23,55
"bridge",26,23,64
"lighthouse",24,21,51
"fishbone",22,18,40
"hanky",22,17,43
"sack",25,22,49
"omelet",27,25,73
"sackcloth",23,18,32
"children",22,18,39
"pants",21,18,60
"Mug",24,22,77
"jeans",24,20,51
"fork",22,22,55
"mouth",23,23,95
"beachwear",21,20,45
"syringes",22,15,33
"hallway",23,22,48
"dividers",22,19,38
"boots",22,22,63
"thesaurus",23,18,44
"log",22,20,55
"brushes",25,22,59
"blanket",21,18,58
"soybean",22,17,36
"guardsman",21,17,36
"mouse",27,23,52
"weed",24,23,54
"meat",25,23,78
"desk",21,20,52
"snow",24,21,69
"pear",23,21,70
"toaster",25,23,64
"carpenter",29,25,58
"tractor",27,24,67
"machete",25,24,84
"tag",26,19,51
"canoe",24,22,69
"stroller",24,21,58
"windshield",25,18,50
"Swan",22,16,37
"optician",20,16,42
"wheel",27,23,65
"lollipop",25,23,76
"hall",25,22,64
"cardigan",23,18,66
"kidney",25,21,38
"tweezer",26,23,68
"chalk",24,22,66
"stirrup",20,14,31
"scribbling",21,20,48
"ocean",27,23,90
"scarf",24,20,76
"wood",25,24,85
"barrel",24,19,62
"sex",21,17,39
"cob",20,14,35
"ladybug",23,17,42
"ski",23,16,40
"fist",24,23,64
"pupil",26,23,44
"holding",23,22,46
"bathtub",28,26,84
"lick",23,14,20
"crackers",28,26,93
"cupboard",27,21,46
"rail",27,21,52
"entree",29,19,59
"hat",28,26,72
"radio",27,25,74
"congresswoman",28,23,52
"hamburger",28,26,89
"lace",28,23,43
"trash",27,22,46
"waitress",26,24,69
"icepick",27,23,48
"husband",27,24,82
"needles",28,26,63
"band",27,26,56
"guestroom",29,27,68
"brooch",24,20,52
"jar",28,24,64
"croquette",26,21,49
"mum",29,27,68
"dwarf",26,18,32
"catwalk",29,26,71
"rocker",28,24,62
"robe",23,21,67
"pistol",24,22,67
"needlework",24,21,55
"plastic",24,22,59
"windowpane",23,20,50
"squash",27,22,78
"lovebird",24,18,44
"pocket",24,23,55
"accountant",23,20,59
"barrette",20,18,40
"hair",24,22,91
"duckling",24,18,48
"nightdress",23,19,66
"vegetation",24,20,58
"landlady",21,18,50
"printout",24,21,80
"tripod",25,23,57
"lager",19,16,37
"salve",20,18,44
"handwork",22,20,40
"human",25,21,83
"cello",25,23,66
"daffodil",24,19,51
"ophthalmologist",21,19,37
"pike",21,19,48
"vaccine",24,22,46
"bunny",23,20,49
"bookmark",23,22,58
"blueprint",25,23,49
"earthworm",25,21,61
"drum",24,21,57
"spade",26,18,40
"microwave",27,26,58
"shamrock",24,19,47
"board",24,21,76
"insole",21,13,23
"hatchback",24,18,35
"grocery",25,22,63
"bait",26,24,59
"coffin",25,17,39
"toothpick",25,21,56
"lamp",23,21,51
"drapery",25,21,44
"foliage",22,18,44
"flycatcher",25,22,47
"whirlpool",23,19,39
"plank",24,22,53
"lamplighter",23,18,34
"lever",25,24,66
"woodpile",23,18,42
"virgin",24,15,29
"file",25,20,54
"ecologist",24,17,23
"lifeguard",26,24,62
"feather",25,19,57
"storehouse",23,21,37
"men",24,16,49
"strudel",23,20,50
"chain",24,21,50
"tenant",30,26,63
"statuette",25,20,50
"slush",29,26,63
"Crab",24,21,50
"soda",24,23,49
"tablet",26,22,81
"buffet",25,24,52
"dumpling",25,24,66
"buck",23,21,47
"peppermint",23,21,58
"eclair",20,16,36
"oven",24,24,68
"card",24,23,78
"announcer",25,21,39
"cartridge",22,18,32
"socket",22,19,37
"classmate",23,21,65
"net",25,25,54
"blender",24,21,59
"candlestick",23,19,43
"burglar",24,22,42
"arrowhead",24,19,48
"shrine",20,18,40
"doorframe",24,22,58
"mattress",23,20,58
"saxophone",24,20,42
"corduroy",21,17,40
"slingshot",26,24,50
"silverware",25,23,65
"bonnet",24,22,57
"urn",21,18,41
"dresser",25,20,61
"rug",26,24,88
"bully",25,16,42
"mirror",26,23,72
"turkey",25,20,69
"limeade",25,22,58
"plantain",24,18,55
"drawstring",25,21,47
"sugarcane",24,21,55
"garter",19,13,33
"ribbon",26,20,55
"pretzel",25,22,72
"goddaughter",22,16,35
"gymnast",25,19,58
"cop",23,20,64
"butcher",26,24,50
"friend",28,25,84
"turnstile",15,12,37
"sphincter",16,14,26
"bookbinder",24,19,33
"roadster",18,11,29
"windsock",22,18,39
"tavern",27,22,61
"cigarette",26,21,59
"mousse",25,18,40
"colleague",24,21,71
"kiss",26,20,46
"swing",18,16,36
"spokesman",20,18,33
"newsprint",21,18,55
"workbox",17,15,23
"cellist",15,13,22
"padding",19,17,41
"technician",21,20,34
"garnets",23,16,31
"teahouse",21,21,41
"torso",20,16,37
"tissue",20,19,43
"screen",21,20,48
"cannonball",21,20,45
"zipper",21,17,39
"smoothie",21,20,48
"rawhide",14,12,22
"bill",23,22,51
"basil",21,21,50
"wreath",19,19,38
"sweatshirt",21,21,54
"chestnut",20,20,54
"poker",18,16,36
"groin",17,15,32
"wife",22,21,52
"typewriter",20,17,36
"mule",20,18,42
"fruitcake",23,23,64
"sangria",20,20,35
"vacuum",21,21,48
"airplane",21,20,60
"rice",25,23,80
"mantelpiece",22,20,44
"bullfighter",22,17,35
"cucumber",22,19,57
"handbrake",21,17,41
"outfielder",24,18,34
"coachman",21,15,40
"tomato",26,23,75
"rubber",25,17,37
"towel",24,24,72
"greens",22,18,55
"pulp",23,16,38
"aircraftsman",20,14,26
"nursemaid",22,18,34
"temple",26,21,51
"camel",24,20,66
"sea",24,21,80
"gentleman",21,15,44
"loudspeaker",23,19,40
"swimsuit",22,20,52
"hill",25,24,57
"pup",23,16,42
"mother",24,23,82
"ingredient",22,20,60
"protester",23,19,46
"stationmaster",20,13,31
"cola",24,23,59
"wheat",20,16,51
"Sleeve",24,20,42
"jewelry",27,23,62
"peach",27,25,63
"bag",24,23,56
"deer",25,21,53
"sandalwood",25,18,38
"dwelling",28,21,60
"saw",26,24,44
"footpath",26,23,59
"barbecue",26,21,48
"laboratory",26,19,42
"dipstick",20,13,21
"cereal",26,23,40
"cheesecloth",21,19,39
"lump",22,18,37
"spider",25,20,50
"sequin",26,22,40
"playhouse",28,24,55
"headgear",26,22,42
"kitchenette",26,22,53
"hedgehog",23,17,36
"priest",25,21,50
"peroxide",27,25,42
"leggings",26,22,57
"peel",22,17,31
"torch",27,21,50
"doorman",27,22,47
"velvet",26,16,32
"knee",28,25,68
"tinsel",24,21,36
"dip",23,20,38
"tong",21,19,53
"sunglasses",23,19,46
"mud",23,18,45
"nose",20,18,59
"wristwatch",21,20,47
"root",23,18,41
"tire",24,22,64
"scalp",22,17,38
"turtle",22,19,43
"drink",23,18,56
"bicycle",22,19,62
"applicator",22,20,42
"handcart",21,19,47
"dermatologist",22,18,46
"testicle",22,17,34
"cottage",21,17,47
"insulin",23,17,31
"midshipman",14,9,19
"granite",21,12,37
"tea",23,22,55
"orthodontist",22,16,37
"paperweight",21,19,42
"teacup",21,18,63
"underbrush",19,13,26
"skateboard",28,26,71
"bracelet",28,23,72
"canine",27,18,66
"caramel",26,23,52
"underpants",27,22,75
"slaw",21,19,42
"pinewood",23,20,47
"suppository",20,12,18
"thorn",24,20,40
"hairdresser",24,18,53
"puzzle",27,18,39
"student",25,22,61
"stair",27,24,59
"branch",26,23,76
"creature",24,20,57
"quilt",23,22,66
"ventilator",24,21,52
"carton",25,22,57
"automobile",26,23,105
"picture",26,24,86
"clipboard",26,25,67
"faucet",28,23,62
"bodice",20,16,28
"furniture",25,22,105
"archives",26,22,44
"instrument",26,22,56
"son",24,17,76
"jelly",23,19,49
"spectacles",25,21,52
"bedclothes",21,19,61
"me",19,15,105
"donkey",20,18,59
"ukulele",20,19,73
"supermarket",22,20,69
"crossbar",18,13,30
"protractor",23,19,49
"scanner",24,21,47
"attendant",22,19,51
"garment",23,21,63
"treat",23,20,70
"breakfast",24,23,75
"skirt",23,21,70
"scooter",24,21,59
"youngster",17,12,43
"fertilizer",22,20,43
"grandfather",20,18,63
"crib",24,19,55
"balloonist",21,19,49
"cornmeal",20,18,50
"bus",23,20,69
"uniform",24,20,60
"committeewoman",21,20,47
"wiper",20,16,34
"paintbrush",22,22,71
"spout",23,21,47
"kumquat",15,13,37
"Sailboat",23,19,73
"pedicurist",18,16,50
"hairstylist",20,18,61
"wigwam",15,15,47
"horse",20,19,82
"flyswatter",20,19,57
"penthouse",21,19,77
"stepsister",19,13,45
"crocodile",22,17,51
"present",22,19,61
"practitioner",20,18,38
"physiologist",19,19,46
"hailstone",19,14,35
"midget",23,18,48
"trainer",21,18,62
"record",24,23,68
"housewife",22,19,74
"ant",21,16,54
"goulash",20,15,54
"shirtsleeve",19,18,55
"chopstick",22,21,64
"sister",22,18,61
"moustache",21,19,56
"kleenex",22,21,67
"blackhead",18,16,34
"pelvis",21,19,48
"nugget",20,18,59
"gin",20,18,61
"acrobat",22,17,52
"clothesline",21,21,79
"car",24,23,99
"flag",29,26,74
"grandnephew",25,23,65
"rook",19,15,38
"chicken",26,24,97
"computer",27,24,107
"pouch",25,20,47
"scab",23,21,65
"appendage",20,17,46
"ship",26,20,92
"teammate",24,22,74
"stairs",25,24,77
"shuffleboard",23,21,43
"altar",27,23,70
"bunion",23,17,43
"library",26,24,101
"stationery",26,22,77
"frankfurter",19,17,62
"basement",23,20,73
"breeches",19,16,65
"dishwater",25,21,63
"pearl",25,20,61
"shrimp",26,25,92
"fawn",19,17,55
"brandy",26,23,69
"soy",25,21,57
"valve",23,18,50
"customer",27,24,69
"colt",19,16,56
"leash",26,20,52
"steel",25,21,61
"entertainer",24,21,61
"chowder",26,25,74
"mitten",27,24,52
"camera",29,26,66
"boatman",27,25,55
"wall",29,22,79
"passport",27,26,61
"furnishings",26,21,61
"democrat",27,19,27
"mallet",28,24,63
"match",26,21,62
"goalkeeper",28,22,50
"greyhound",28,22,78
"bedpost",26,22,53
"captain",31,25,59
"sawhorse",23,20,43
"executioner",27,25,42
"dumbwaiter",24,22,44
"bush",27,22,56
"eyeglasses",29,28,71
"teakettle",27,24,65
"Microscope",28,27,69
"caterpillar",29,19,46
"jockstrap",27,22,39
"daggers",27,26,75
"paddle",27,24,61
"lobster",28,24,80
"cobblestone",26,23,60
"vibrator",22,19,39
"sawdust",27,20,46
"rib",28,25,59
"moonshine",28,25,71
"nightie",25,20,48
"mascara",24,19,48
"cuff",25,20,42
"brace",24,24,47
"crop",27,22,73
"cheekbone",25,22,56
"farmhouse",25,22,76
"home",27,26,86
"phone",26,25,134
"neckerchief",22,20,50
"armoire",19,16,43
"radiator",26,23,50
"cape",25,23,53
"battery",27,23,48
"medicine",27,24,83
"lily",23,17,57
"cloth",26,22,92
"foot",25,23,93
"masseur",21,18,45
"medallion",24,21,58
"candidate",23,20,47
"rubbish",24,21,49
"firecracker",26,22,63
"bleach",28,26,89
"snack",25,25,69
"kite",25,25,62
"bunk",24,21,60
"sponge",24,23,74
"buttonhole",24,18,28
"cavalryman",17,12,21
"gatekeeper",27,22,32
"serviceman",23,18,38
"blister",21,13,29
"clamp",26,20,45
"livestock",26,19,46
"organism",26,21,41
"reptile",26,19,54
"putty",26,18,45
"Saloon",23,17,48
"limes",27,20,77
"rye",22,15,41
"antiseptics",21,14,32
"meadow",23,18,53
"timber",24,15,40
"cup",27,26,92
"goggle",22,21,53
"fig",22,21,53
"poodle",24,18,59
"blackheads",23,18,37
"notepaper",26,25,91
"workbench",22,22,60
"curry",23,19,39
"tubing",25,20,37
"plumber",30,25,57
"glasses",24,24,71
"cash",25,23,70
"pipe",26,25,60
"ledger",22,18,50
"pedestrian",26,25,49
"violin",28,23,63
"manicurist",26,19,65
"sherbet",26,21,51
"afro",27,17,54
"viola",24,19,44
"surfboard",30,23,70
"fryer",28,24,63
"earth",30,24,72
"compasses",26,25,59
"apparatus",25,13,32
"passionflower",27,22,56
"grandpa",28,22,76
"object",28,21,96
"biologist",30,22,58
"pallet",26,22,62
"handlebar",29,25,67
"anvil",19,12,30
"boardinghouse",26,21,54
"sauerkraut",23,21,50
"veil",26,20,40
"azalea",23,14,50
"egg",30,27,119
"ballerina",28,26,74
"produce",29,21,78
"briefs",29,20,47
"sledge",22,15,52
"council",27,21,55
"photocopy",28,23,61
"earmuff",23,21,60
"journalist",27,23,69
"pond",26,22,78
"bra",24,21,69
"potboiler",25,24,53
"script",24,23,80
"paw",24,22,54
"sportswoman",24,21,53
"cymbals",22,20,56
"mouthpiece",24,20,49
"prostitute",22,19,45
"employee",26,20,71
"chihuahua",24,20,64
"moccasin",23,21,55
"strap",25,21,68
"bookshelf",24,22,74
"trailer",27,24,75
"banana",25,23,81
"mask",25,24,71
"camisole",21,18,43
"nettle",22,17,50
"crewman",24,19,53
"cement",24,21,65
"chalet",19,16,44
"igloo",25,21,66
"tearoom",22,21,65
"piglet",23,17,61
"fingertip",24,21,73
"item",23,19,69
"props",20,19,58
"lounge",30,27,95
"helmet",30,28,77
"cork",30,22,71
"juice",33,30,88
"woodwind",28,20,62
"ear",30,28,73
"pasta",29,25,89
"detonator",25,22,48
"bookmarker",29,26,60
"pacemaker",32,25,55
"mantle",30,25,62
"bodybuilder",30,23,58
"beard",33,27,81
"flooring",32,25,80
"visor",29,21,56
"souffle",29,23,76
"sharpener",30,22,60
"wolfhound",28,21,68
"pharmacy",30,22,66
"scraper",30,24,67
"scrotum",25,17,33
"sundae",28,23,74
"leaves",29,25,74
"omelette",29,24,80
"conditioner",31,24,60
"iceboat",19,18,55
"motor",22,16,59
"capsule",20,17,39
"chairperson",22,17,60
"shellfish",21,18,77
"cacti",22,19,54
"macaroni",23,20,73
"gown",22,18,72
"gunfighter",20,17,52
"bricklayer",20,18,46
"strawberry",22,18,98
"dipper",20,15,40
"trout",19,18,62
"rickshaw",16,16,36
"bib",24,21,58
"hostess",22,16,52
"crabgrass",19,17,51
"soup",22,19,86
"bed",23,23,96
"automotive",21,18,51
"monument",21,15,52
"amphetamine",19,14,41
"helicopter",21,21,71
"piss",21,15,40
"limousine",24,21,79
"vocalist",21,19,69
"workshop",20,15,47
"handhold",22,16,53
"jasmine",24,18,56
"kin",14,7,21
"publisher",23,21,46
"nightgown",22,19,65
"pitchfork",23,19,57
"mountain",23,23,77
"asshole",20,15,40
"grill",20,19,61
"floss",23,19,58
"smooch",22,22,46
"sandpaper",22,15,43
"window",21,19,72
"roosters",22,18,56
"thermos",22,19,52
"submarine",22,17,65
"prune",21,18,55
"syringe",25,17,56
"hickory",22,18,52
"nylon",22,12,36
"homework",25,22,66
"sandwich",23,20,62
"juror",18,15,43
"greenback",14,12,61
"tourist",21,21,53
"gardenia",16,14,52
"curd",20,17,45
"paint",26,24,59
"kebab",27,25,83
"meal",21,19,68
"dachshund",22,20,77
"lawn",24,22,78
"brisket",25,23,65
"bamboo",24,21,83
"shingles",24,16,35
"thumbnail",21,18,47
"nail",25,23,77
"ketchup",27,23,56
"pigtail",25,14,24
"scallion",23,20,64
"crotch",23,14,23
"punchbowl",24,22,69
"baby",28,26,108
"costumer",25,19,51
"jukebox",26,26,75
"undercoat",25,23,42
"iron",27,21,60
"nun",26,19,39
"mop",26,23,47
"portrait",28,23,78
"mouthwash",27,24,62
"bank",25,22,74
"bookend",23,20,48
"headset",26,22,57
"nameplate",24,18,49
"marksman",21,17,32
"foodstuff",23,22,65
"clergy",21,16,36
"photograph",26,22,87
"pumpkin",25,23,76
"pimento",21,19,53
"sketchpad",30,30,100
"servant",30,25,80
"slipknot",22,20,50
"winch",22,19,43
"primates",24,19,53
"stitching",26,24,62
"nursery",27,20,54
"button",28,24,61
"escalator",28,25,50
"dust",29,24,33
"apple",28,26,87
"privates",25,16,22
"spectroscope",25,22,33
"minnow",24,19,35
"bookcase",29,23,49
"deliveryman",27,22,46
"waistband",29,22,39
"passenger",27,17,36
"husky",29,23,67
"ointment",30,26,50
"tranquilizer",29,27,50
"matchbox",29,27,58
"buttocks",29,25,56
"surveyor",27,17,36
"carp",23,21,42
"pocketbook",30,25,52
"jewel",29,26,57
"ale",27,23,48
"cousin",29,19,41
"woods",30,25,60
"dog",31,28,95
"pendant",32,24,43
"sirloin",29,24,74
"fauna",20,14,28
"beetle",26,21,41
"lemonade",28,28,65
"kettle",28,25,51
"zucchini",31,24,92
"yarn",29,27,75
"xylophone",28,25,65
"wristband",23,20,50
"wrist",21,20,56
"wrestler",22,18,47
"worksheet",21,18,46
"workroom",21,18,52
"wiring",30,17,51
"wineglass",28,27,70
"windbreaker",26,23,58
"whistle",30,28,63
"whiskey",27,25,76
"whisker",29,23,54
"whip",31,25,59
"Wheelchair",27,26,71
"wheelbarrow",29,27,81
"wench",24,18,44
"weatherman",24,22,53
"weaponry",28,27,98
"water",25,25,113
"watchband",21,19,67
"washbasin",25,25,74
"walrus",21,18,53
"walnut",22,22,87
"wallboard",20,18,46
"waist",23,19,37
"waffle",24,18,62
"voter",24,23,46
"vomit",23,21,43
"volleyball",26,23,106
"violinist",28,20,44
"villager",23,19,49
"videotape",26,25,71
"veranda",17,16,59
"vaseline",20,18,43
"vanilla",29,26,64
"urinal",32,25,49
"underclothing",24,22,71
"underclothes",29,27,68
"umbrella",29,25,80
"tutu",23,19,46
"turf",21,17,40
"tunic",23,22,60
"tuna",29,26,96
"tulip",27,23,65
"truck",21,21,69
"trophy",25,20,67
"trolley",29,28,70
"triceps",29,25,67
"trench",20,16,38
"trampoline",25,24,71
"trainee",26,24,54
"track",27,26,86
"townspeople",22,15,40
"tourniquet",27,26,47
"topaz",18,11,24
"toothbrush",28,24,78
"toast",22,18,45
"tinderbox",20,19,40
"timepiece",23,23,42
"tile",30,23,55
"tickler",23,19,35
"thyme",23,20,42
"thumbtack",23,22,46
"throne",28,20,44
"thong",23,14,35
"thermostat",24,22,44
"terrace",23,23,59
"tee",22,12,37
"teaspoon",29,29,80
"teacher",21,17,58
"tartar",29,20,39
"tar",19,13,30
"tapestry",23,20,56
"tangerine",22,20,82
"tampon",26,14,39
"tailor",31,24,68
"taillight",28,24,41
"Taco",25,22,71
"tabloid",28,23,69
"tableware",27,22,71
"tablecloth",21,18,69
"sweatband",28,26,80
"surgeon",31,26,91
"supper",29,23,63
"supervisor",29,22,82
"sunroof",25,22,62
"suds",23,14,42
"strings",28,25,62
"streets",29,25,105
"street",26,23,96
"storybook",29,29,82
"stomach",23,23,54
"stocking",23,22,59
"stirrer",31,27,74
"stepson",28,24,61
"stepfather",20,17,43
"stepbrother",20,17,53
"stencil",25,22,56
"stem",21,17,31
"starch",28,23,55
"staple",31,27,63
"stall",23,15,31
"staircase",31,29,75
"stagecoach",29,25,66
"stage",21,20,75
"squeegee",25,20,46
"springboard",19,13,26
"sprayer",27,24,61
"spool",19,15,29
"spine",21,18,56
"spices",27,25,80
"speedboat",31,28,83
"spacesuit",28,22,55
"softball",33,31,108
"sofa",32,32,107
"soccer",32,31,104
"sledgehammer",30,28,66
"slacks",32,25,57
"sketch",27,26,73
"skeleton",28,24,60
"sixpence",18,14,41
"sideburns",26,21,49
"sideboard",26,19,40
"shutter",26,20,50
"shoulder",27,25,88
"shopkeeper",23,19,53
"shoehorn",27,22,51
"shoe",28,25,84
"shipman",22,15,35
"shingle",28,22,47
"sheepdog",28,25,90
"shaving",28,20,44
"shank",18,18,40
"shampoo",30,30,82
"sesame",22,19,62
"seamstress",26,25,77
"scrapbook",22,21,64
"scotch",31,25,77
"scissors",26,26,71
"schoolwork",21,20,60
"school",21,20,62
"scarecrow",25,20,34
"scapula",26,22,47
"scallop",21,19,47
"saucepan",23,23,74
"sapphire",30,24,59
"sand",23,17,48
"salamander",21,19,56
"saddlebag",28,24,73
"runner",32,25,80
"ruler",24,23,65
"rowboat",21,16,54
"rosewater",23,17,36
"rose",28,26,102
"rope",28,27,101
"robber",28,25,46
"road",30,30,90
"riverbank",27,21,52
"river",22,20,67
"rifle",29,29,115
"respirator",22,16,40
"recorder",27,21,46
"receptionist",25,19,66
"rat",22,16,40
"raspberry",24,21,77
"questionnaire",30,27,61
"quarterback",23,18,45
"pulley",18,16,48
"proprietor",22,15,35
"projector",29,24,53
"potty",26,21,40
"potpourri",25,21,36
"postcard",28,24,87
"poop",24,21,49
"policeman",30,25,85
"poet",29,27,66
"plug",26,18,49
"plexiglas",21,17,39
"playwright",26,25,62
"Platform",30,24,60
"plate",31,27,92
"plaque",22,18,35
"planter",26,22,49
"plant",23,20,62
"pizza",28,27,108
"pinball",21,19,43
"pilot",28,27,59
"pillow",28,28,94
"pig",29,27,74
"photocopier",21,20,64
"percolator",12,9,15
"pepperoni",29,26,64
"pennant",24,19,37
"pen",23,23,88
"peg",25,24,53
"pedometer",25,24,57
"pecan",24,21,73
"pebble",29,26,66
"passerby",17,17,44
"parent",27,26,76
"parchment",19,17,46
"panties",29,26,68
"pamphlet",24,22,82
"pajamas",26,26,63
"pail",22,22,73
"page",31,30,93
"padlock",24,19,46
"package",22,20,82
"outhouse",31,22,48
"ottoman",27,23,89
"orgy",21,19,40
"orchid",27,19,50
"onion",32,29,125
"olive",29,26,93
"okra",23,23,74
"nutmeg",23,22,65
"noose",21,18,41
"noodles",25,23,88
"noodle",30,29,89
"nipple",22,17,40
"nightshirt",26,25,78
"nightclub",28,26,110
"newsreader",25,16,35
"newsboy",25,21,45
"mustache",26,21,65
"musician",31,29,100
"mushroom",26,23,86
"museum",28,25,71
"mullet",26,20,49
"muffin",30,30,83
"motorcyclist",25,21,63
"mitt",23,16,42
"milk",27,25,103
"midwife",32,27,82
"meteorologist",23,19,39
"megaphone",27,24,54
"medics",28,25,69
"medal",19,14,42
"mayo",32,30,80
"mathematician",22,20,55
"matchwood",17,15,36
"mascot",28,20,45
"marketeer",19,15,32
"margarine",26,25,62
"marbles",27,22,67
"manuscript",24,19,51
"manure",22,21,70
"mantel",26,22,50
"mansion",23,21,79
"mallard",24,23,74
"magnolia",27,20,65
"magnet",23,20,39
"mace",26,26,84
"lunchroom",20,19,74
"lunch",21,20,64
"lubricant",28,24,42
"lozenge",23,21,60
"loaf",23,13,33
"liquor",27,25,72
"lime",28,25,69
"limb",22,18,59
"lilly",24,18,60
"lifebuoy",26,22,59
"licence",19,17,58
"lens",22,18,41
"lemon",27,26,109
"leg",28,28,115
"leather",23,18,63
"leaflet",22,20,60
"larvae",27,17,25
"lad",23,17,36
"knuckles",31,30,92
"knot",23,20,46
"knob",27,24,52
"knitting",29,21,49
"knickers",19,15,43
"knapsack",26,23,51
"key",29,27,76
"keg",20,18,57
"kale",22,19,54
"jumper",24,21,59
"jersey",29,21,49
"jawbreaker",24,20,60
"infant",28,24,87
"icebox",24,22,62
"husk",26,20,47
"hug",22,21,55
"hound",21,18,64
"hotel",27,26,80
"hostel",19,19,52
"horseradish",22,16,33
"horseman",20,16,36
"hookers",23,20,63
"hood",24,17,46
"honeysuckle",29,25,74
"honeycomb",24,23,68
"holder",31,25,64
"him",22,17,41
"hiker",26,23,63
"hen",26,18,55
"heads",29,25,64
"headpiece",29,26,56
"headmistress",20,17,38
"headlight",31,30,69
"headboard",24,19,38
"hatband",22,17,32
"harness",21,21,44
"hardwood",27,20,57
"hardcover",25,17,32
"handclap",21,21,42
"handball",24,22,80
"hand",24,23,110
"hamper",28,25,67
"hammer",24,24,67
"hairline",26,19,50
"hairdo",27,24,55
"gynecologist",24,19,47
"gym",24,23,70
"guy",30,24,81
"gun",22,20,60
"guitarist",26,23,69
"guardrail",22,19,56
"guardhouse",25,22,48
"ground",26,24,73
"groceries",25,23,91
"grenade",25,23,63
"greenhouse",25,20,56
"grave",29,27,80
"grater",25,17,38
"grapefruit",23,20,69
"gooseberry",30,25,66
"golf",24,21,51
"godfather",25,19,34
"glass",30,28,104
"girdle",25,21,43
"gingerbread",30,26,90
"gasket",16,12,21
"garlic",27,25,73
"garbage",21,18,39
"frosting",27,22,57
"freezer",25,20,52
"forest",24,24,68
"forefinger",20,18,53
"footwear",26,24,89
"footboard",25,19,39
"flour",22,21,52
"flaxseed",19,18,46
"flannel",24,17,71
"flamethrower",25,22,50
"fishpond",30,24,68
"fish",30,29,120
"firearm",32,31,86
"fieldstone",16,10,31
"fiancee",27,27,81
"festival",30,26,88
"ferryboat",25,22,71
"Fern",18,16,47
"fender",18,11,29
"female",26,18,57
"featherbed",27,25,64
"farmer",22,17,64
"farm",29,25,83
"face",23,22,63
"eyewash",21,19,34
"eyeglass",24,24,72
"eye",31,29,103
"examiner",26,23,58
"equipment",20,19,73
"engineer",20,17,37
"employer",23,18,42
"electrocardiogram",33,26,42
"electrician",22,19,49
"educator",25,25,101
"editor",28,22,63
"earplugs",23,20,61
"dye",20,15,47
"duster",22,21,43
"dustbin",22,20,54
"driver",25,18,34
"dressmaker",27,24,58
"doughnut",23,21,52
"dough",30,26,84
"dormitory",28,26,75
"dorm",29,24,90
"doorstop",27,21,62
"door",29,28,109
"dominoes",26,22,60
"domino",23,21,60
"dollhouse",27,25,91
"document",26,19,75
"dish",23,22,82
"diploma",31,24,65
"dinnerware",28,28,90
"dictionary",28,26,85
"diamond",24,19,66
"diagram",24,22,50
"deodorant",25,20,55
"den",24,24,65
"deliverer",31,27,58
"deck",21,21,64
"debris",19,15,33
"dandelion",26,24,70
"dad",25,21,59
"custodian",25,22,52
"crouton",28,21,68
"crayfish",26,22,67
"crap",21,12,22
"crankshaft",18,13,30
"crane",26,22,64
"cranberry",25,23,70
"cowhide",19,17,38
"counselor",26,25,59
"councilman",21,15,36
"cosmetics",29,22,51
"corsage",26,20,36
"cornflower",27,21,49
"cornflakes",22,20,64
"copilot",28,24,72
"cooler",29,26,97
"contraceptive",22,19,33
"container",30,26,89
"concrete",22,20,80
"concert",24,21,80
"companion",20,18,45
"collarbone",29,20,41
"coffeepot",28,26,69
"coffee",28,26,88
"coaster",22,18,57
"clove",28,25,69
"clothing",25,22,91
"clothes",23,21,93
"clock",24,22,70
"cloak",25,23,76
"clips",21,18,54
"clergyman",20,12,22
"cleavers",28,24,64
"cleavage",24,17,30
"clamshell",27,22,51
"cider",31,30,78
"chow",21,15,25
"chocolate",23,21,69
"chisel",25,23,64
"chin",22,18,55
"chimney",27,20,41
"chili",33,30,85
"chickenfeed",33,29,62
"chevy",28,27,75
"chef",21,21,67
"cheek",20,18,73
"chauffeur",25,22,59
"cervix",19,12,18
"ceramics",27,25,75
"centipede",22,16,46
"cauliflower",29,29,98
"cauldron",28,26,67
"cattle",22,14,39
"catapult",29,26,47
"catalogue",27,24,78
"cat",29,25,58
"castle",29,23,68
"casket",30,26,79
"cashier",28,23,69
"casebook",14,11,28
"cardboard",26,25,88
"cantaloupe",23,21,71
"cannabis",26,23,78
"candy",21,20,87
"candle",32,32,97
"calves",23,20,66
"calender",22,20,47
"calculator",32,27,87
"cafeteria",28,25,81
"cabdriver",29,26,66
"cab",31,31,92
"buttonhook",19,16,29
"butterscotch",27,21,53
"buttercup",21,18,42
"busman",23,20,56
"businessman",26,23,60
"burlap",25,15,41
"bullet",32,30,74
"bulldozer",28,27,70
"building",22,20,55
"builder",20,17,32
"brush",22,19,53
"brow",20,18,56
"broomstick",22,18,46
"breadboard",18,14,34
"bowling",23,14,46
"bowl",27,21,69
"booklet",27,25,80
"bookkeeper",28,26,77
"bomb",21,20,49
"bluefish",27,26,80
"blowtorch",27,24,59
"blowpipe",17,11,14
"blowgun",21,18,44
"blackboard",29,29,81
"bistro",26,23,72
"birdbath",24,21,58
"bike",29,28,109
"beret",27,24,48
"belongings",29,22,57
"bellman",26,17,55
"beggar",21,16,34
"beautician",30,22,59
"beaker",28,24,65
"bath",23,21,70
"basketball",28,26,107
"baseboard",24,17,32
"banknote",29,21,48
"banjo",29,28,72
"bandage",29,27,92
"bagpipe",21,20,55
"baggage",30,26,90
"badminton",22,17,45
"badge",30,29,75
"backscratcher",25,25,72
"backdoor",26,21,46
"babe",28,21,49
"axes",29,27,86
"ax",31,30,98
"awning",20,19,51
"aunt",20,13,33
"attire",29,22,70
"atlas",25,22,57
"athlete",22,19,69
"astronaut",21,16,45
"asphalt",27,12,28
"armpit",23,17,42
"aquarium",23,22,76
"apparel",30,28,100
"antique",27,25,86
"ankle",25,22,84
"anchovy",24,22,54
"ambulance",27,23,57
"aluminum",22,18,43
"almond",31,27,69
"airman",20,19,46
"actor",27,20,56
"abacus",12,11,18
"television",26,24,92
"clam",25,22,75
"tutor",24,23,64
"puddle",23,20,64
"boomerang",21,20,57
"pumpernickel",19,16,50
"seawater",25,21,54
"stool",23,23,90
"shield",23,22,54
"carport",23,19,54
"stockbroker",19,15,43
"artist",26,26,85
"rabbit",24,22,85
"needlepoint",24,24,69
"peephole",24,23,67
"wigmaker",23,19,39
"buckwheat",19,15,49
"boat",25,20,83
"shed",22,17,48
"beach",24,22,96
"mountainside",24,22,81
"dress",25,22,76
"drone",26,24,84
"nightstick",18,17,56
"rosebush",24,22,60
"parachute",23,21,66
"diaphragm",24,21,47
"trunk",25,22,63
"junk",23,21,56
"lasso",30,26,59
"diaper",28,24,62
"brick",28,24,76
"bucket",28,27,96
"prize",27,24,55
"crown",28,22,63
"child",29,24,81
"flowerbed",32,26,72
"earplug",31,25,53
"shaker",31,28,68
"shovel",29,28,74
"pill",30,24,58
"suture",28,24,43
"stapler",30,24,59
"Shirt",30,28,103
"auditorium",29,24,77
"journal",31,28,98
"slide",30,25,59
"woodcraft",29,22,44
"turtleneck",27,24,68
"box",26,24,84
"honeydew",29,25,52
"breadbasket",29,25,74
"lodge",31,28,78
"ice",29,24,82
"mat",31,29,97
"tracksuit",31,30,95
"lamb",32,26,78
"pal",32,26,84
"insect",32,27,88
"sauce",32,31,112
"roast",32,29,67
"slug",29,23,52
"weapon",32,30,104
"powder",31,28,85
"head",34,30,100
"steelworker",31,24,57
"magazine",33,31,106
"merchantman",30,28,65
"caretaker",31,30,88
"snot",30,26,64
"wallet",33,29,105
"mistletoe",32,31,69
"poster",30,29,99
"crepe",32,29,98
"prisoner",30,23,70
"citrus",31,29,81
"flapjack",28,24,81
"novel",26,23,74
"garage",29,25,65
"cocoa",31,21,66
"buddy",29,25,80
"crosswalk",30,26,70
"gem",33,21,60
"sketchbook",29,28,104
"theatergoer",30,25,54
"rodent",27,22,66
"poinsettia",31,28,74
"sedan",28,22,79
"shack",31,29,70
"neurologist",33,25,61
"pastry",28,24,94
"dinner",29,24,78
"craftsman",31,26,52
"firewood",29,28,90
"stepladder",31,29,81
"instructor",30,28,80
"seedling",30,27,67
"antennae",28,20,60
"jam",27,21,81
"tambourine",31,26,82
"skittle",27,24,83
"oilcloth",25,19,55
"cookie",26,23,86
"backpack",26,20,65
"splinter",25,22,42
"yardstick",29,25,48
"kitchen",28,26,93
"treadmill",28,28,72
"cage",28,22,56
"tray",30,26,69
"switchblade",28,27,80
"woodcutter",25,22,46
"saltwater",30,24,58
"lubrication",26,23,53
"goggles",28,26,64
"letterbox",26,23,50
"steak",27,24,81
"lantern",28,26,62
"toe",27,25,79
"couch",27,27,102
"bagpipes",27,23,56
"tear",27,24,44
"barley",23,18,59
"goose",25,21,55
"raft",29,27,75
"godparent",27,23,59
"silkworm",25,18,29
"programmer",24,19,40
"thread",24,20,50
"sweater",24,18,58
"eyeball",27,26,71
"leopard",23,20,55
"croissant",25,18,58
"armor",22,21,55
"packaging",23,22,62
"bellboy",24,17,40
"cosmetician",24,13,39
"skewer",25,20,52
"Elevator",25,21,39
"inventor",25,18,46
"appetizer",25,20,58
"tenderloin",24,17,68
"espresso",27,22,56
"dishwasher",23,22,62
"guard",25,22,58
"girlfriend",26,19,56
"chimpanzee",27,22,62
"semen",22,17,36
"breastplate",23,18,36
"coupon",23,21,45
"basin",24,18,47
"adapter",24,20,47
"gangster",23,18,43
"condominium",21,18,69
"piano",25,22,61
"ring",26,22,73
"lizard",24,20,49
"quill",19,19,40
"seaweed",25,20,55
"can",25,22,83
"iguana",26,23,56
"schoolhouse",24,20,57
"gumdrop",23,21,63
"splint",21,19,54
"muffler",21,16,40
"cadillac",24,20,71
"sunflower",26,24,84
"bell",24,21,66
"steroids",24,19,57
"toiletry",23,20,56
"cutlery",23,22,72
"spinach",23,22,78
"bugle",21,17,47
"organ",23,21,70
"checkerboard",26,22,54
"snowshoe",24,22,60
"washroom",25,22,69
"ammo",24,19,60
"guesthouse",25,23,73
"placenta",27,22,56
"frog",24,21,60
"topsoil",27,22,55
"crawfish",31,27,83
"testes",26,21,45
"vein",32,24,62
"cabinet",33,26,68
"kitty",33,26,67
"anus",32,24,45
"trinket",27,22,62
"kelp",26,22,48
"squirrel",29,24,65
"jogger",30,26,53
"vest",31,26,79
"rake",32,28,73
"liqueur",32,27,80
"vine",31,25,58
"oxtail",25,18,40
"playroom",32,25,60
"spareribs",25,18,48
"eraser",34,33,79
"amulet",27,20,49
"copybook",31,25,59
"addict",27,16,33
"pharmacist",35,22,59
"blackberry",32,24,78
"menu",33,28,78
"soil",34,30,75
"cotton",29,25,59
"wagon",34,30,67
"cord",28,25,76
"flannels",27,24,82
"vagina",24,21,60
"hamstring",26,25,63
"doctor",27,25,90
"pedestal",28,24,65
"granddaughter",26,21,67
"clip",27,23,57
"crayon",31,26,101
"doorstep",29,27,79
"booth",31,28,89
"hairpin",27,25,78
"milkshake",27,26,94
"earring",27,24,73
"fisherman",31,26,96
"seasoning",27,23,71
"driftwood",26,24,67
"tuba",29,25,74
"Cheeseburger",27,27,93
"cleat",27,24,65
"author",27,24,80
"cocktail",27,26,90
"closet",36,32,90
"String",32,26,95
"hourglass",31,27,71
"condiment",35,26,87
"sifter",30,28,72
"mall",34,31,90
"toddler",32,24,105
"shot",30,24,66
"champagne",33,29,84
"bystander",28,23,59
"dairy",33,24,74
"bartender",36,31,100
"mayonnaise",33,22,83
"cobweb",32,24,55
"showerhead",32,26,89
"necklace",34,24,78
"dock",34,27,89
"stockings",32,25,90
"flower",36,31,127
"bass",33,23,78
"certificate",32,26,102
"dumbbell",31,27,85
"pinkie",31,23,69
"someone",32,24,118
"fungus",30,24,77
"hip",32,28,86
"beet",30,24,96
"battleship",30,25,76
"plywood",32,28,89
"ferret",29,25,64
"dagger",31,30,103
"handsaw",28,28,80
"snowdrift",29,21,63
"herbivore",31,22,53
"locker",32,28,66
"scrubber",32,31,72
"blood",31,26,64
"roach",33,24,70
"pickle",33,29,84
"rhubarb",24,20,63
"propeller",31,26,64
"wine",32,32,88
"accessory",30,24,75
"cheesecake",32,26,97
"teeth",33,33,112
"nostril",35,33,84
"newsagent",25,19,57
"brochure",30,26,77
"horsewhip",32,28,57
"stewardess",27,25,70
"bun",31,23,71
"skate",32,24,61
"attorney",32,24,59
"book",31,29,119
"armband",30,25,68
"biscuit",31,26,92
"wart",24,19,36
"jacket",26,26,87
"washerwoman",25,24,49
"bubble",26,25,59
"gingersnap",26,25,58
"fingerboard",26,20,34
"memorabilia",24,22,69
"wastebasket",25,20,52
"leech",26,26,47
"handbook",25,22,67
"caddy",24,23,56
"bookseller",24,22,46
"groom",24,20,49
"drill",25,24,57
"nutshell",27,23,52
"chapel",30,29,91
"doorknob",25,25,79
"sleigh",27,25,59
"aftershave",24,21,47
"rum",27,25,60
"headphones",26,24,74
"parka",30,28,71
"mincemeat",27,24,58
"gearbox",26,22,45
"feline",25,19,60
"spice",26,24,69
"frame",27,26,62
"kitten",25,23,86
"kid",23,19,72
"whisky",32,29,91
"harvest",34,27,64
"physician",32,29,85
"scale",33,28,75
"family",35,31,102
"tofu",32,25,77
"bicep",33,28,77
"tabasco",31,25,62
"ticket",32,25,68
"bathe",32,26,56
"pilaf",20,17,43
"chronograph",21,19,33
"berry",35,31,99
"wand",33,28,68
"balcony",34,32,87
"ginger",31,28,73
"parsnip",26,23,78
"van",37,34,100
"chinaware",34,30,90
"myself",28,21,108
"snowfall",34,27,73
"tinfoil",35,32,100
"canvass",32,32,79
"footballer",31,26,87
"bird",33,31,88
"crystal",34,27,68
"screw",31,29,73
"blindfold",32,30,70
"desert",33,26,53
"radish",32,26,79
"mucous",29,17,41
"controller",34,22,55
"banquet",30,24,60
"conductor",31,27,49
"motorboat",33,30,80
"Guitar",32,28,95
"cushion",33,29,90
"funnel",33,28,64
"eyebath",30,24,38
"pad",33,30,72
"grapevine",30,25,54
"kilt",28,26,51
"mulch",30,25,46
"storeroom",32,24,60
"silk",32,19,44
"people",32,29,100
"pine",33,26,62
"cheese",32,29,89
"daddy",29,20,57
"salesman",33,28,61
"store",31,28,84
"grandniece",32,21,56
"medic",31,26,65
"peanut",33,28,72
"goldfish",33,27,78
"suspender",34,29,58
"person",33,29,103
"tent",32,32,78
"eyelid",32,30,80
"groundsman",27,21,65
"torchlight",30,26,69
"pantry",31,28,57
"matter",25,13,61
"paperback",28,20,65
"eggplant",27,25,78
"linoleum",23,17,43
"creek",27,24,74
"stick",32,30,100
"body",27,22,121
"shelter",31,27,84
"motel",30,27,83
"drug",30,27,88
"ashcan",30,24,44
"avocado",29,26,88
"fruit",29,27,98
"beef",31,28,90
"arrow",28,24,71
"plum",27,25,86
"illustrator",30,27,71
"client",30,21,60
"strongbox",24,19,46
"seating",29,26,58
"roll",29,26,61
"hoe",28,24,67
"accordion",26,21,69
"case",32,26,66
"clay",29,26,81
"block",31,24,86
"tube",29,27,76
"token",28,24,76
"purse",30,27,76
"saleslady",27,25,80
"wrapper",30,27,75
"hardware",27,24,60
"duck",29,24,81
"landscape",29,27,73
"shell",29,26,69
"altarpiece",24,22,57
"asparagus",27,26,85
"strainer",31,25,57
"elbow",30,29,72
"vessel",28,21,64
"cane",31,29,101
"orchard",29,23,62
"belly",30,24,66
"veal",23,19,58
"wound",29,26,75
"rancher",26,21,59
"chemicals",31,28,86
"mayor",30,26,67
"platter",28,25,68
"bench",28,27,91
"coleslaw",29,25,76
"sundeck",26,25,74
"newsstand",27,26,70
"teapot",27,24,54
"tongs",29,27,62
"claw",27,24,59
"money",27,26,86
"apartment",27,25,78
"grandma",24,23,70
"investigator",28,24,65
"storekeeper",26,23,70
"pooch",25,20,59
"corridor",21,20,60
"cake",27,25,96
"oceanographer",26,23,55
"parachutist",25,23,45
"restaurant",24,23,65
"keyboard",27,26,61
"thermometer",25,23,51
"cap",25,24,72
"trapeze",25,22,46
"essay",25,24,76
"rod",23,20,48
"lifeboat",27,25,63
"slut",24,19,41
"refrigerator",26,24,72
"burger",25,24,73
"flounder",24,20,61
"sibling",25,21,73
"racket",25,19,54
"lounger",27,27,80
"chalice",28,25,61
"ashtray",32,27,65
"nephew",29,23,75
"fireplace",31,31,84
"yam",32,30,86
"cable",32,29,77
"scalpel",29,29,69
"Robot",30,27,75
"pacifier",32,31,81
"blazer",33,32,84
"sock",30,28,87
"windowsill",29,28,70
"drumstick",31,29,90
"hippie",26,20,50
"blouse",32,31,92
"pool",34,32,105
"grits",31,30,68
"housecoat",29,27,76
"step",31,29,76
"stove",33,32,98
"chessboard",32,29,79
"valet",29,27,50
"cube",31,25,77
"kissing",28,23,50
"fleece",33,29,72
"calf",32,26,56
"dirt",34,30,95
"device",33,27,113
"pan",34,31,101
"corn",33,32,114
"grandchild",33,25,87
"teaspoonful",34,30,76
"kettledrum",28,22,45
"village",35,27,69
"crust",34,27,81
"trigger",34,27,54
"taffy",33,31,91
"rectum",32,22,51
"molasses",32,31,77
"acupuncture",32,22,41
"mullets",31,21,55
"raincoat",33,31,96
"mongoose",29,22,62
"parakeet",28,22,59
"furnace",32,27,63
"hibachi",30,24,68
"butt",32,26,79
"flatiron",31,28,69
"flowerpot",34,30,81
"belt",33,30,75
"apartments",33,31,120
"casserole",32,27,85
"nut",33,31,99
"yogurt",24,22,50
"yourself",20,18,64
"newscaster",24,18,32
"gondola",23,19,40
"dolphin",25,22,49
"toy",23,20,56
"skittles",26,20,55
"mice",24,21,52
"barman",21,18,53
"prankster",24,21,43
"turban",22,16,34
"rainwater",27,23,74
"choreographer",23,21,44
"teabag",24,20,49
"assemblyman",22,18,31
"antibiotics",25,18,43
"trap",25,22,50
"bottle",24,19,68
"lettuce",24,18,52
"undergarment",24,17,50
"gunpowder",24,17,42
"satchel",24,21,49
"godmother",28,23,56
"hotplate",26,23,53
"blower",26,24,48
"boot",24,21,57
"courtyard",25,21,59
"goalpost",22,15,35
"nickel",33,28,66
"policewoman",32,25,62
"easel",29,24,77
"collar",32,24,54
"thigh",30,23,64
"cocaine",30,21,70
"lake",33,30,100
"pole",29,24,67
"checklist",30,27,72
"note",32,31,95
"jean",32,28,83
"rupee",16,12,29
"paraphernalia",24,16,43
"genital",31,25,52
"paintbox",27,25,66
"mortician",25,17,39
"satin",28,18,44
"linen",31,20,59
"cellar",34,28,53
"raindrop",29,23,59
"soap",33,33,88
"coal",31,29,80
"bayonet",26,23,60
"spatula",34,34,86
"sardine",34,28,78
"stoop",28,21,44
"scientist",32,27,67
"apprentice",31,27,58
"lip",31,29,89
"eyepiece",33,30,68
"pedal",31,29,74
"cedar",32,27,78
"prosecutor",30,23,63
"hoop",30,27,77
"figurine",33,30,91
"sheepskin",31,24,72
"antiques",31,28,89
"wristlet",29,25,59
"tranquilizers",31,29,68
"medication",33,30,110
"keyhole",31,30,68
"sandbank",32,25,63
"waste",30,27,69
"woodwork",33,28,88
"postman",34,33,97
"doll",33,30,115
"pomegranate",34,34,122
"worker",32,29,91
"Picture Frame",30,29,94
"paprika",31,30,85
"crutch",30,29,81
"cabbage",31,29,110
"copper",32,23,62
"powderpuff",31,25,73
